{
  "experiment": {
    "name": "Experimento 1 - ResNet50 (Feature Extraction)",
    "model_name": "resnet50",
    "learning_rate": 0.001,
    "batch_size": 32,
    "epochs": 30,
    "unfreeze_layers": 0,
    "optimizer": "Adam",
    "weight_decay": 0.0001,
    "description": "ResNet50 com todas as camadas congeladas. Apenas o classificador final é treinado (Feature Extraction)."
  },
  "metrics": {
    "accuracy": 0.8477564102564102,
    "precision": 0.9402985074626866,
    "sensitivity": 0.8076923076923077,
    "specificity": 0.9145299145299145,
    "f1_score": 0.8689655172413794,
    "auc_roc": 0.931941705018628,
    "true_positives": 315,
    "true_negatives": 214,
    "false_positives": 20,
    "false_negatives": 75
  },
  "training_history": {
    "train_loss": [
      0.20175443916507294,
      0.11905568321606864,
      0.11766277249056868,
      0.11559906350505864,
      0.1084899140944693,
      0.10864701905384934,
      0.11246913564077184,
      0.09726826600913256,
      0.08711054695461608,
      0.08541734424059742,
      0.08259748537779037
    ],
    "val_loss": [
      0.1327921599149704,
      0.21311423182487488,
      0.2516230344772339,
      0.2067624032497406,
      0.28378236293792725,
      0.1401786506175995,
      0.17322319746017456,
      0.2584342062473297,
      0.2633835971355438,
      0.24013516306877136,
      0.24989201128482819
    ],
    "train_acc": [
      0.7992714723926381,
      0.9081671779141104,
      0.901457055214724,
      0.9079754601226994,
      0.9141104294478528,
      0.9173696319018405,
      0.9027990797546013,
      0.9177530674846626,
      0.9340490797546013,
      0.9317484662576687,
      0.9361579754601227
    ],
    "val_acc": [
      0.875,
      0.75,
      0.875,
      0.9375,
      0.875,
      0.9375,
      0.8125,
      0.875,
      0.875,
      0.875,
      0.875
    ],
    "epochs_trained": 11
  }
}