{
  "experiment": {
    "name": "Experimento 3 - DenseNet121 (Fine-Tuning Parcial)",
    "model_name": "densenet121",
    "learning_rate": 0.0001,
    "batch_size": 16,
    "epochs": 50,
    "unfreeze_layers": 20,
    "optimizer": "Adam",
    "weight_decay": 0.0001,
    "description": "DenseNet121 com as últimas 20 camadas descongeladas. Fine-tuning parcial com batch size menor."
  },
  "metrics": {
    "accuracy": 0.9150641025641025,
    "precision": 0.9287531806615776,
    "sensitivity": 0.9358974358974359,
    "specificity": 0.8803418803418803,
    "f1_score": 0.9323116219667944,
    "auc_roc": 0.9678062678062678,
    "true_positives": 365,
    "true_negatives": 206,
    "false_positives": 28,
    "false_negatives": 25
  },
  "training_history": {
    "train_loss": [
      0.15402657574934006,
      0.0729028272593931,
      0.06236465685883754,
      0.05627338552670382,
      0.053042909457916794,
      0.04530867542039483,
      0.04354493965914736,
      0.035883637963729176,
      0.04273067577545634,
      0.03395191157515949,
      0.03406648711530646,
      0.03660339348970204,
      0.027250773090214977,
      0.023811808446253666,
      0.02665439447723015,
      0.022302549411478436
    ],
    "val_loss": [
      0.15041814744472504,
      0.1694350689649582,
      0.1718483418226242,
      0.04891848564147949,
      0.16051994264125824,
      0.037691883742809296,
      0.23730137944221497,
      0.32561618089675903,
      0.4147016108036041,
      0.3673010766506195,
      0.2594623267650604,
      0.27852413058280945,
      0.32653945684432983,
      0.3229416608810425,
      0.2474180907011032,
      0.4230537712574005
    ],
    "train_acc": [
      0.8909125766871165,
      0.9444018404907976,
      0.9505368098159509,
      0.9543711656441718,
      0.9603144171779141,
      0.964340490797546,
      0.9664493865030674,
      0.973351226993865,
      0.9670245398773006,
      0.9758435582822086,
      0.9743098159509203,
      0.9708588957055214,
      0.9771855828220859,
      0.9833205521472392,
      0.9808282208588958,
      0.9831288343558282
    ],
    "val_acc": [
      1.0,
      0.875,
      0.9375,
      1.0,
      0.9375,
      1.0,
      0.9375,
      0.9375,
      0.875,
      0.875,
      0.9375,
      0.875,
      0.875,
      0.875,
      0.875,
      0.875
    ],
    "epochs_trained": 16
  }
}