{
  "train_loss": [
    0.1373129733523891,
    0.07186851848739605,
    0.06292771520035947,
    0.06338987937711317,
    0.05719391098303115,
    0.05359301152439114,
    0.051380357933602086,
    0.049572256460865854,
    0.04713742732944572,
    0.04501110946251068,
    0.04029316118449841,
    0.03382770398894519,
    0.042271613410496914,
    0.03329662795170022
  ],
  "val_loss": [
    0.5019044876098633,
    0.29074305295944214,
    0.29697108268737793,
    0.2400607168674469,
    0.5695293545722961,
    0.5842381119728088,
    0.54310542345047,
    0.6146159768104553,
    0.4651229679584503,
    0.8541634678840637,
    0.6144883036613464,
    0.6279898285865784,
    0.7052344083786011,
    0.7513703107833862
  ],
  "train_acc": [
    0.8981978527607362,
    0.9470858895705522,
    0.9488113496932515,
    0.9545628834355828,
    0.9557131901840491,
    0.9608895705521472,
    0.9601226993865031,
    0.9601226993865031,
    0.9637653374233128,
    0.9674079754601227,
    0.9664493865030674,
    0.9743098159509203,
    0.9668328220858896,
    0.9756518404907976
  ],
  "val_acc": [
    0.875,
    0.875,
    0.875,
    0.875,
    0.75,
    0.6875,
    0.75,
    0.6875,
    0.8125,
    0.625,
    0.6875,
    0.6875,
    0.6875,
    0.6875
  ]
}